layer,time,testing_accuracy,ALGO
1,0.25472378730773926,99.5771543086,FA
5,0.2546849250793457,99.25250501,FA
10,0.20391511917114258,99.244488978,FA
15,0.2728548049926758,99.25250501,FA
20,0.3195157051086426,99.244488978,FA
25,0.19570016860961914,99.25250501,FA
50,0.2771577835083008,99.244488978,FA
