layer,time,testing_accuracy,ALGO
1,0.23504114151000977,99.4809619238,ICA
5,0.23848509788513184,99.4809619238,ICA
10,0.08305001258850098,99.4809619238,ICA
15,0.23985004425048828,99.3446893788,ICA
20,0.2473430633544922,99.378757515,ICA
25,0.2836918830871582,99.2665330661,ICA
50,0.42495298385620117,99.2825651303,ICA
