layer,time,testing_accuracy,ALGO
1,0.25465989112854004,99.2565130261,PCA
5,0.26384878158569336,99.2565130261,PCA
10,0.24700498580932617,99.2244488978,PCA
15,0.2539238929748535,99.2244488978,PCA
20,0.2917909622192383,99.2264529058,PCA
25,0.27144289016723633,99.2264529058,PCA
50,0.4340980052947998,99.2224448898,PCA
