layer,time,testing_accuracy,ALGO
1,0.2263808250427246,99.5991983968,RP
5,0.2791628837585449,99.4549098196,RP
10,0.16761493682861328,99.4509018036,RP
15,0.1506197452545166,99.4388777555,RP
20,0.11298608779907227,99.4468937876,RP
25,0.14871764183044434,99.4188376754,RP
50,0.15621185302734375,99.4308617234,RP
